stage,method,metric,ebno_db,value
estimators,ls,ber,0.0,0.11747881571451822
estimators,ls,ber,2.0,0.059397379557291664
estimators,ls,ber,4.0,0.026825332641601564
estimators,ls,ber,6.0,0.013574981689453125
estimators,ls,ber,8.0,0.008882776896158854
estimators,ls,ber,10.0,0.006962203979492187
estimators,ls,ber,12.0,0.0077190399169921875
estimators,ls,ber,14.0,0.006360244750976562
estimators,ls,ber,16.0,0.007633336385091146
estimators,ls,ber,18.0,0.008993911743164062
estimators,ls,ber,20.0,0.010741424560546876
estimators,ls,ber_upper_confidence,0.0,0.11766780690499463
estimators,ls,ber_upper_confidence,2.0,0.0595361695528897
estimators,ls,ber_upper_confidence,4.0,0.026920264184961566
estimators,ls,ber_upper_confidence,6.0,0.013643022429031664
estimators,ls,ber_upper_confidence,8.0,0.008937980417861247
estimators,ls,ber_upper_confidence,10.0,0.0070111439041386486
estimators,ls,ber_upper_confidence,12.0,0.007770542426936265
estimators,ls,ber_upper_confidence,14.0,0.006407043014701896
estimators,ls,ber_upper_confidence,16.0,0.007684555363953572
estimators,ls,ber_upper_confidence,18.0,0.009049455324532475
estimators,ls,ber_upper_confidence,20.0,0.010802055104613054
estimators,ls,latency_ms,0.0,820.91265023334
estimators,ls,latency_ms,2.0,811.058271133343
estimators,ls,latency_ms,4.0,810.7152752333358
estimators,ls,latency_ms,6.0,811.4641337333419
estimators,ls,latency_ms,8.0,822.1962630333346
estimators,ls,latency_ms,10.0,806.1337546333315
estimators,ls,latency_ms,12.0,815.9258791333294
estimators,ls,latency_ms,14.0,806.5038086333298
estimators,ls,latency_ms,16.0,809.1031212333328
estimators,ls,latency_ms,18.0,817.6019711333377
estimators,ls,latency_ms,20.0,814.0061002333263
estimators,ls,throughput_bits_per_batch,0.0,694042.9
estimators,ls,throughput_bits_per_batch,2.0,739720.0
estimators,ls,throughput_bits_per_batch,4.0,765335.7
estimators,ls,throughput_bits_per_batch,6.0,775756.2
estimators,ls,throughput_bits_per_batch,8.0,779446.3
estimators,ls,throughput_bits_per_batch,10.0,780956.7
estimators,ls,throughput_bits_per_batch,12.0,780361.5
estimators,ls,throughput_bits_per_batch,14.0,781430.1
estimators,ls,throughput_bits_per_batch,16.0,780428.9
estimators,ls,throughput_bits_per_batch,18.0,779358.9
estimators,ls,throughput_bits_per_batch,20.0,777984.6
estimators,ls,energy_joules_per_batch,0.0,0.00018645100000000002
estimators,ls,energy_joules_per_batch,2.0,0.00018645100000000002
estimators,ls,energy_joules_per_batch,4.0,0.00018645100000000002
estimators,ls,energy_joules_per_batch,6.0,0.00018645100000000005
estimators,ls,energy_joules_per_batch,8.0,0.00018645100000000002
estimators,ls,energy_joules_per_batch,10.0,0.00018645100000000002
estimators,ls,energy_joules_per_batch,12.0,0.00018645100000000005
estimators,ls,energy_joules_per_batch,14.0,0.00018645100000000002
estimators,ls,energy_joules_per_batch,16.0,0.00018645100000000002
estimators,ls,energy_joules_per_batch,18.0,0.00018645100000000002
estimators,ls,energy_joules_per_batch,20.0,0.00018645100000000002
estimators,ls,avg_power_w,0.0,0.00022712647922650765
estimators,ls,avg_power_w,2.0,0.00022988607185949814
estimators,ls,avg_power_w,4.0,0.000229983331628156
estimators,ls,avg_power_w,6.0,0.0002297710918438083
estimators,ls,avg_power_w,8.0,0.00022677188936875606
estimators,ls,avg_power_w,10.0,0.00023129040178302288
estimators,ls,avg_power_w,12.0,0.00022851462953724048
estimators,ls,avg_power_w,14.0,0.0002311842771281548
estimators,ls,avg_power_w,16.0,0.00023044157797313754
estimators,ls,avg_power_w,18.0,0.00022804617232214682
estimators,ls,avg_power_w,20.0,0.00022905356599484426
estimators,ls,runtime_sec,0.0,8.757484171999977
estimators,ls,runtime_sec,2.0,8.61422721400001
estimators,ls,runtime_sec,4.0,8.617759587000023
estimators,ls,runtime_sec,6.0,8.631751045999977
estimators,ls,runtime_sec,8.0,8.759298587999979
estimators,ls,runtime_sec,10.0,8.557040003000026
estimators,ls,runtime_sec,12.0,8.68013571100002
estimators,ls,runtime_sec,14.0,8.57394138099994
estimators,ls,runtime_sec,16.0,8.60818596300004
estimators,ls,runtime_sec,18.0,8.722369877999967
estimators,ls,runtime_sec,20.0,8.674426710000034
estimators,ls,bit_errors,0.0,923891.0
estimators,ls,bit_errors,2.0,467120.0
estimators,ls,bit_errors,4.0,210963.0
estimators,ls,bit_errors,6.0,106758.0
estimators,ls,bit_errors,8.0,69857.0
estimators,ls,bit_errors,10.0,54753.0
estimators,ls,bit_errors,12.0,60705.0
estimators,ls,bit_errors,14.0,50019.0
estimators,ls,bit_errors,16.0,60031.0
estimators,ls,bit_errors,18.0,70731.0
estimators,ls,bit_errors,20.0,84474.0
estimators,ls,total_bits,0.0,7864320.0
estimators,ls,total_bits,2.0,7864320.0
estimators,ls,total_bits,4.0,7864320.0
estimators,ls,total_bits,6.0,7864320.0
estimators,ls,total_bits,8.0,7864320.0
estimators,ls,total_bits,10.0,7864320.0
estimators,ls,total_bits,12.0,7864320.0
estimators,ls,total_bits,14.0,7864320.0
estimators,ls,total_bits,16.0,7864320.0
estimators,ls,total_bits,18.0,7864320.0
estimators,ls,total_bits,20.0,7864320.0
estimators,ls,block_errors,0.0,3469.0
estimators,ls,block_errors,2.0,1928.0
estimators,ls,block_errors,4.0,905.0
estimators,ls,block_errors,6.0,448.0
estimators,ls,block_errors,8.0,265.0
estimators,ls,block_errors,10.0,192.0
estimators,ls,block_errors,12.0,189.0
estimators,ls,block_errors,14.0,158.0
estimators,ls,block_errors,16.0,214.0
estimators,ls,block_errors,18.0,267.0
estimators,ls,block_errors,20.0,323.0
estimators,ls,total_blocks,0.0,5120.0
estimators,ls,total_blocks,2.0,5120.0
estimators,ls,total_blocks,4.0,5120.0
estimators,ls,total_blocks,6.0,5120.0
estimators,ls,total_blocks,8.0,5120.0
estimators,ls,total_blocks,10.0,5120.0
estimators,ls,total_blocks,12.0,5120.0
estimators,ls,total_blocks,14.0,5120.0
estimators,ls,total_blocks,16.0,5120.0
estimators,ls,total_blocks,18.0,5120.0
estimators,ls,total_blocks,20.0,5120.0
estimators,ls,num_batches,0.0,10.0
estimators,ls,num_batches,2.0,10.0
estimators,ls,num_batches,4.0,10.0
estimators,ls,num_batches,6.0,10.0
estimators,ls,num_batches,8.0,10.0
estimators,ls,num_batches,10.0,10.0
estimators,ls,num_batches,12.0,10.0
estimators,ls,num_batches,14.0,10.0
estimators,ls,num_batches,16.0,10.0
estimators,ls,num_batches,18.0,10.0
estimators,ls,num_batches,20.0,10.0
estimators,ls,stop_reason,0.0,target_block_errors
estimators,ls,stop_reason,2.0,target_block_errors
estimators,ls,stop_reason,4.0,target_block_errors
estimators,ls,stop_reason,6.0,target_block_errors
estimators,ls,stop_reason,8.0,target_block_errors
estimators,ls,stop_reason,10.0,target_block_errors
estimators,ls,stop_reason,12.0,target_block_errors
estimators,ls,stop_reason,14.0,target_block_errors
estimators,ls,stop_reason,16.0,target_block_errors
estimators,ls,stop_reason,18.0,target_block_errors
estimators,ls,stop_reason,20.0,target_block_errors
estimators,ls,point_status,0.0,resolved
estimators,ls,point_status,2.0,resolved
estimators,ls,point_status,4.0,resolved
estimators,ls,point_status,6.0,resolved
estimators,ls,point_status,8.0,resolved
estimators,ls,point_status,10.0,resolved
estimators,ls,point_status,12.0,resolved
estimators,ls,point_status,14.0,resolved
estimators,ls,point_status,16.0,resolved
estimators,ls,point_status,18.0,resolved
estimators,ls,point_status,20.0,resolved
estimators,ls,runtime_total_sec,,95.19662025299999
