sample_id,pos_x,pos_y,pos_z,path_0_mag,path_0_delay,path_1_mag,path_1_delay,path_2_mag,path_2_delay,path_3_mag,path_3_delay,path_4_mag,path_4_delay,path_5_mag,path_5_delay,path_6_mag,path_6_delay,path_7_mag,path_7_delay,path_8_mag,path_8_delay,path_9_mag,path_9_delay
0,0.868515765620872,4.328664288692053,1.0,1.5457786e-06,8.695352e-08,4.8192646e-07,8.799005e-08,4.194239e-07,5.041891e-08,2.4993543e-07,7.890602e-08,1.7588542e-07,8.796247e-08,1.51762e-07,1.2888022e-07,1.4506865e-07,1.5294506e-07,1.2918183e-07,2.3761658e-07,1.1872997e-07,8.781957e-08,9.038736e-08,8.002608e-08
1,-3.1718271393477444,-7.171766951893248,1.0,5.1209815e-07,1.2992155e-07,3.0657475e-07,1.3896937e-07,2.804372e-07,1.385981e-07,2.7720833e-07,1.3022787e-07,1.930166e-07,3.249449e-08,1.601511e-07,1.3925921e-07,1.5980366e-07,2.9932008e-07,1.5337994e-07,6.964814e-08,1.351969e-07,8.264092e-08,1.1905161e-07,1.398922e-07
2,4.428004098918738,-9.571455432831526,1.0,2.8946178e-07,2.8494433e-09,2.5232663e-07,3.6036276e-09,2.1132622e-07,7.2231217e-09,1.3465294e-07,5.078687e-08,1.2370002e-07,5.19838e-08,1.1795428e-07,1.5155335e-07,1.1036177e-07,4.7723862e-08,1.08494426e-07,5.0455736e-08,1.0831719e-07,6.530801e-09,1.0424025e-07,6.11152e-09
3,0.052394567464681074,9.397868947780662,1.0,1.2694925e-06,0.0,8.363723e-07,5.7079546e-08,5.5631034e-07,6.610004e-08,5.046081e-07,9.879723e-08,3.4925557e-07,1.419519e-07,2.092345e-07,1.6949883e-07,1.9683306e-07,3.1226968e-09,1.7358524e-07,9.9964495e-08,1.2329002e-07,5.8299293e-08,1.2028758e-07,2.2579684e-07
4,10.999714190315686,4.299736445111348,1.0,1.3187511e-05,0.0,1.4960019e-06,2.594195e-09,5.4982075e-07,1.1200537e-08,5.059047e-07,5.9890475e-09,3.5935528e-07,1.8317436e-07,2.8231878e-07,6.470207e-08,2.6563367e-07,3.2143177e-09,2.5252803e-07,3.911964e-08,2.4265194e-07,1.4072974e-08,2.2038786e-07,6.85582e-08
5,-0.2069875359794402,5.416346666536015,1.0,1.2784201e-06,0.0,9.574587e-07,6.582835e-08,4.5394845e-07,1.457955e-07,4.502563e-07,8.5869274e-08,2.4074689e-07,1.2531675e-07,2.276922e-07,4.500869e-09,1.9437441e-07,1.214678e-07,1.8120379e-07,1.4671869e-07,1.4575294e-07,9.7629975e-09,1.4355669e-07,4.2805084e-08
6,-6.448211812350289,-0.7459457208351488,1.0,2.8193508e-06,8.034113e-08,1.229239e-06,8.138785e-08,8.8762687e-07,0.0,6.3874535e-07,1.2047255e-07,4.958384e-07,1.4138277e-07,4.3706316e-07,8.166449e-08,2.8071676e-07,2.5835257e-07,2.7134246e-07,4.0520085e-09,2.2265071e-07,1.9802756e-07,1.9345707e-07,8.164586e-08
7,-2.074981736038202,-9.483446808806576,1.0,2.112773e-06,6.9920986e-08,6.445854e-07,0.0,5.94646e-07,7.097593e-08,5.641753e-07,1.1182732e-07,3.3969187e-07,1.2916196e-07,3.3236557e-07,2.275689e-07,2.750223e-07,1.3419546e-07,2.6199532e-07,1.8873209e-08,2.1271435e-07,1.1258305e-07,1.8294493e-07,6.27399e-08
8,-6.521978350118893,-2.460490097428636,1.0,1.2106174e-06,8.0540126e-08,8.421114e-07,0.0,4.30045e-07,1.1982348e-07,3.7151455e-07,1.1406967e-07,2.4725884e-07,1.2808326e-07,2.2004949e-07,5.0887614e-09,2.151583e-07,3.87098e-09,1.852402e-07,1.2088202e-07,1.8053738e-07,8.0796866e-08,1.719109e-07,8.184735e-08
9,-4.28819246249582,-8.135159297102621,1.0,3.4995792e-06,6.881643e-08,1.0659979e-06,6.989869e-08,6.748698e-07,0.0,6.2898835e-07,8.1045386e-08,4.582248e-07,7.009179e-08,4.3240294e-07,1.2271056e-07,2.9655644e-07,8.3959875e-08,2.4528066e-07,1.3030095e-07,2.4167892e-07,8.121971e-08,1.7294045e-07,2.61076e-08
10,5.400410403832499,-5.152312353413166,1.0,1.0452291e-05,0.0,1.7441325e-06,3.6970658e-09,7.1839685e-07,4.2251983e-08,5.944203e-07,8.2491045e-09,4.0294677e-07,6.692554e-08,3.900677e-07,4.5495074e-09,3.190604e-07,1.6850318e-07,2.8686915e-07,9.336935e-08,2.2748291e-07,1.629376e-08,1.6927456e-07,3.6751914e-08
11,2.448980115309121,5.503339524032789,1.0,4.9233868e-06,0.0,4.4186763e-06,5.4451526e-08,8.2920184e-07,4.2403645e-09,4.984343e-07,5.5855097e-08,4.425197e-07,4.2769848e-08,4.2930014e-07,7.7312066e-08,3.6360086e-07,9.284484e-09,3.0773717e-07,7.8824606e-08,2.2132916e-07,1.6359802e-07,1.9192528e-07,8.553734e-08
12,-10.126330898549822,0.6046401087526547,1.0,1.1618822e-06,8.2509445e-08,6.206501e-07,0.0,4.6456526e-07,9.814322e-08,4.1921936e-07,1.099945e-07,3.5473923e-07,1.0767802e-07,2.3920455e-07,1.2295378e-07,1.9033094e-07,8.274131e-08,1.645531e-07,8.382467e-08,1.5544444e-07,9.929627e-08,1.4607457e-07,8.381258e-08
13,6.147626845639575,-5.420596106075212,1.0,1.0737451e-05,0.0,3.8537833e-06,3.635769e-08,2.1389658e-06,3.460631e-09,1.450164e-06,6.121866e-08,7.121521e-07,3.8003584e-08,6.269606e-07,3.7615635e-08,3.9664198e-07,7.78245e-09,3.280458e-07,6.242487e-08,3.2575682e-07,4.2654733e-09,2.4498127e-07,1.830067e-07
14,1.9554421179267667,2.314021423485464,1.0,7.6020096e-06,0.0,2.436161e-06,7.3410806e-09,1.8758059e-06,5.6828586e-09,7.6432184e-07,1.3117457e-08,5.353651e-07,1.5725124e-07,4.0589995e-07,1.79511e-07,3.1758807e-07,1.1796919e-08,2.5497633e-07,8.4610114e-09,2.2658607e-07,1.604287e-07,2.1551315e-07,6.881555e-09
15,-7.75905531486605,9.432376760585147,1.0,3.1411148e-06,7.162249e-08,1.78918e-06,7.884743e-08,1.0829674e-06,7.259021e-08,6.936641e-07,7.9758145e-08,4.933337e-07,1.07887026e-07,4.0932366e-07,7.28966e-08,2.7781726e-07,1.0862326e-07,2.2930818e-07,8.004667e-08,2.009696e-07,2.3873866e-07,1.8323199e-07,2.3529239e-07
16,-0.11988014088476717,-2.0916296681434243,1.0,4.3056793e-06,7.007101e-08,1.4988275e-06,0.0,5.978019e-07,7.138456e-08,5.870024e-07,7.136809e-08,4.3361968e-07,6.1369363e-09,3.890492e-07,1.0009269e-07,3.2194964e-07,6.250933e-08,2.7619168e-07,1.7474699e-07,2.5003015e-07,7.628658e-08,2.3982017e-07,1.16023e-07
17,6.640916194104275,-6.0780820348429305,1.0,9.98531e-06,0.0,4.8530023e-06,3.3013706e-08,1.9433207e-06,3.2275445e-09,1.357854e-06,5.608956e-08,1.1145166e-06,3.5348968e-08,6.337142e-07,3.4255905e-08,5.5094955e-07,3.4681655e-08,3.2219558e-07,5.7331768e-08,3.0797702e-07,7.312803e-09,2.8485374e-07,3.984244e-09
18,7.12071412527996,-3.4943416570894925,1.0,1.5245507e-05,0.0,3.2265996e-06,3.5430894e-09,7.390454e-07,7.9463085e-09,5.0484823e-07,4.3646757e-09,4.6285334e-07,3.4346314e-08,4.054837e-07,1.7439567e-07,3.230482e-07,1.8423196e-07,2.9945826e-07,1.1928194e-07,2.9251544e-07,6.577925e-08,2.8201183e-07,1.6230481e-07
19,1.577785610795413,8.215133771267435,1.0,2.406232e-06,0.0,7.9587727e-07,5.424953e-08,4.7744976e-07,6.7250156e-08,3.8223763e-07,3.4094576e-09,2.0915901e-07,1.7468007e-07,1.4282396e-07,1.0711878e-07,1.4197289e-07,7.680164e-09,1.10647804e-07,1.3010204e-07,1.055323e-07,5.5474988e-08,1.022196e-07,8.178037e-08
20,10.103737774169776,-0.8292191627570951,1.0,1.6754206e-05,0.0,2.6090993e-06,2.9416753e-09,9.061262e-07,6.399659e-08,6.850532e-07,1.8014758e-07,4.6009697e-07,3.6377337e-09,4.5809935e-07,1.6459417e-07,4.4097757e-07,6.7238446e-09,3.7061278e-07,3.3405854e-08,2.517059e-07,1.7286315e-08,2.492066e-07,5.3295395e-08
21,-11.241819312904894,5.9741536040250764,1.0,2.9906041e-06,7.8733876e-08,1.0636027e-06,1.1507247e-07,9.543664e-07,7.963338e-08,5.1615325e-07,8.782074e-08,5.0717586e-07,0.0,4.0427037e-07,8.004291e-08,2.3635404e-07,7.2690867e-09,1.458856e-07,1.1673713e-07,1.4502763e-07,8.093302e-08,1.3571533e-07,7.9855454e-08
22,-9.891614184607384,5.349333150804988,1.0,6.9222386e-07,1.2848868e-07,5.7478934e-07,9.663462e-08,5.670314e-07,0.0,3.5652877e-07,1.157333e-07,2.8878893e-07,1.2914849e-07,1.1077157e-07,1.7884261e-07,9.313411e-08,1.3006792e-07,7.758835e-08,9.7943115e-08,6.938267e-08,4.7209117e-08,5.8999557e-08,1.7935088e-07
23,-5.0997414837381045,4.267335646525675,1.0,1.2739525e-06,9.675812e-08,8.7215074e-07,0.0,8.6714476e-07,1.2515197e-07,4.3650647e-07,9.7662e-08,3.1747967e-07,1.5722577e-07,2.7113694e-07,1.5401167e-07,2.0984068e-07,3.9908574e-09,1.9280554e-07,1.4085467e-07,1.723329e-07,4.657266e-08,1.6435122e-07,4.3303302e-08
24,-1.3891358988911087,8.853774107453265,1.0,2.5857732e-06,6.106394e-08,1.2660232e-06,7.131639e-08,1.1260855e-06,6.2242734e-08,7.3606856e-07,0.0,5.6719847e-07,7.2380274e-08,5.154112e-07,9.5089604e-08,4.0897805e-07,6.2317156e-08,3.6133858e-07,1.6530862e-07,2.2918813e-07,2.2942523e-08,2.241232e-07,7.2447534e-08
25,0.9422294674490761,-11.228961439224278,1.0,1.4710351e-06,0.0,6.021851e-07,8.051618e-09,3.0157764e-07,1.372731e-07,2.4940653e-07,1.3526602e-07,1.792668e-07,1.7459158e-07,1.7427003e-07,8.173646e-08,1.6166494e-07,1.381502e-07,1.3236473e-07,2.6983535e-09,1.0867835e-07,1.6958785e-07,9.6550146e-08,1.3615312e-07
26,-0.2287356397120348,-4.417914713504647,1.0,3.3640576e-06,6.657611e-08,1.190325e-06,0.0,8.6551177e-07,6.785343e-08,6.002282e-07,1.0019675e-07,3.5132277e-07,5.0049074e-08,3.2027674e-07,4.971657e-09,2.819379e-07,1.7399228e-07,2.1512007e-07,7.9139454e-08,1.2589854e-07,6.816733e-08,1.2205463e-07,6.913384e-08
27,-1.734135732716343,-3.076864486009365,1.0,4.0756145e-06,7.295092e-08,1.2683116e-06,0.0,7.044658e-07,1.6893402e-07,6.264087e-07,1.4407578e-07,5.5829605e-07,7.426237e-08,4.5933263e-07,5.424477e-09,3.1260663e-07,1.6952895e-07,2.6241466e-07,1.6283391e-07,2.3769752e-07,1.8088463e-07,1.8476103e-07,2.0713692e-07
28,5.386631598870295,-7.681864332931649,1.0,6.564221e-06,0.0,4.016817e-06,3.7496445e-08,1.0374495e-06,3.1267575e-09,7.3510284e-07,3.9035644e-08,6.229553e-07,9.381631e-08,5.895348e-07,3.8718998e-08,4.2459527e-07,6.380998e-08,3.815893e-07,7.1067845e-09,2.5106792e-07,4.3036113e-08,2.375344e-07,2.2561085e-07
29,10.485913899846402,-6.192960591821098,1.0,1.1040595e-05,0.0,1.2192907e-06,2.5275533e-09,1.129272e-06,3.7601012e-08,7.463444e-07,1.2737324e-08,4.930188e-07,7.2776565e-08,4.865241e-07,1.1918104e-08,4.82538e-07,5.845809e-09,3.8312504e-07,1.35562e-08,3.7758173e-07,1.6182307e-07,3.5719526e-07,1.6104212e-07
30,-8.830367257024935,-1.2964015046448942,1.0,2.559421e-06,8.1090406e-08,1.2141121e-06,8.206467e-08,6.919846e-07,0.0,4.4546908e-07,1.06221336e-07,3.261885e-07,1.2709724e-07,2.080451e-07,1.3155065e-07,1.9566876e-07,8.2305036e-08,1.9076029e-07,1.9924124e-07,1.6976931e-07,1.0733872e-07,1.6822892e-07,8.3377756e-08
31,6.219270156229975,8.183931504359638,1.0,6.733784e-06,0.0,1.0966153e-06,2.9091929e-09,5.924795e-07,3.4414402e-08,4.819972e-07,1.5376638e-07,3.8005734e-07,1.5996581e-07,3.732512e-07,4.9645873e-08,2.5241593e-07,9.196128e-08,2.1750132e-07,6.656027e-09,1.6632266e-07,3.598256e-09,1.344552e-07,2.627424e-08
32,-7.117318482807068,-8.712798684902797,1.0,1.1997477e-06,7.296543e-08,5.668131e-07,0.0,5.4528425e-07,8.1947476e-08,3.7833217e-07,1.1677194e-07,3.3155385e-07,1.1448597e-07,2.911877e-07,1.0750121e-07,2.3604916e-07,1.7183994e-07,1.7141126e-07,7.3209804e-08,1.5823562e-07,7.423347e-08,1.5326134e-07,2.7853403e-08
33,-0.19505019071320362,2.8279766133263813,1.0,1.3804677e-06,0.0,9.830165e-07,9.638883e-08,6.656712e-07,1.09572625e-07,5.8404834e-07,1.505798e-07,4.4429737e-07,1.7441879e-07,3.74819e-07,5.7817466e-09,3.309931e-07,5.8801323e-08,2.3702414e-07,7.74271e-08,2.3346911e-07,1.7500113e-07,1.6930908e-07,1.5217185e-07
34,4.027205072581106,10.261787662758888,1.0,3.7095458e-06,3.9900474e-08,3.4435946e-06,0.0,1.3986208e-06,4.742162e-08,9.1964154e-07,1.3564222e-08,6.396037e-07,9.838466e-08,6.280193e-07,4.129625e-08,5.020443e-07,4.1084146e-08,4.406484e-07,4.8697945e-08,3.3922683e-07,2.7478926e-09,2.1535446e-07,9.919147e-08
35,2.1156283325873897,-1.8443379706083682,1.0,9.399081e-06,0.0,1.6211251e-06,5.7958403e-09,4.630578e-07,6.2854106e-08,4.502267e-07,1.19802905e-08,3.702559e-07,9.4123806e-08,2.9095224e-07,7.011261e-09,2.8238796e-07,1.5879596e-07,2.3117451e-07,1.8026738e-07,1.482246e-07,1.5968334e-07,1.4040447e-07,1.749763e-07
36,-11.289129280835134,-1.5503567881953533,1.0,1.1409747e-06,8.2516095e-08,8.0678393e-07,8.963232e-08,6.1273494e-07,1.168619e-07,5.604052e-07,0.0,3.7288538e-07,8.293179e-08,2.0941752e-07,1.1756832e-07,1.8821203e-07,8.3778104e-08,1.8235916e-07,8.274061e-08,1.6144926e-07,8.383152e-08,1.4991353e-07,1.7042584e-07
37,-0.2668694522219468,7.710861850046324,1.0,1.2112291e-06,0.0,8.6443134e-07,6.137363e-08,4.8730044e-07,7.507693e-08,3.3089785e-07,3.0211275e-08,2.840698e-07,1.7057546e-07,2.3314787e-07,7.509691e-08,1.992775e-07,3.6130086e-09,1.6467894e-07,1.4777778e-07,1.6046094e-07,9.209447e-08,1.2535645e-07,6.1678485e-08
38,-6.9289768359217305,10.680588112085928,1.0,9.739152e-07,6.956007e-08,6.569884e-07,7.391351e-08,5.071523e-07,0.0,3.938949e-07,1.0485404e-07,2.0965403e-07,1.0820469e-07,1.5644673e-07,6.9801715e-08,1.3627324e-07,7.091752e-08,1.3417149e-07,7.080678e-08,1.2870804e-07,1.8459392e-07,1.0758821e-07,7.41463e-08
39,8.926427919936348,3.573507378362109,1.0,1.4886096e-05,0.0,5.8559017e-06,2.1784793e-08,1.7897032e-06,3.0675906e-09,8.1252546e-07,4.3829296e-08,6.071664e-07,6.600382e-08,5.675317e-07,3.790575e-09,3.706217e-07,4.7104614e-08,2.543842e-07,2.3720183e-08,2.5417367e-07,7.643539e-08,2.2646053e-07,5.6823097e-08
40,-3.2756917482254924,-10.252959616694941,1.0,1.4759112e-06,6.890575e-08,1.2243732e-06,6.400121e-08,9.539656e-07,1.2567544e-07,8.0442254e-07,1.2181833e-07,6.1080124e-07,6.9938594e-08,5.8939617e-07,0.0,4.576537e-07,1.1303017e-07,3.2207933e-07,1.2635257e-07,2.8133752e-07,1.5796076e-07,2.6078752e-07,7.008143e-08
41,8.409485782967202,-11.128112930263526,1.0,3.2635623e-06,1.955694e-08,2.4225724e-06,7.329252e-09,2.043349e-06,2.4957625e-08,7.664045e-07,2.117493e-08,4.6888317e-07,2.06478e-08,2.527767e-07,8.441912e-09,2.1828893e-07,1.5462619e-07,2.100042e-07,9.320662e-08,2.0362927e-07,2.596931e-08,2.018371e-07,1.864873e-07
42,4.012508681363094,0.5558092873187768,1.0,1.9200683e-05,0.0,4.7454387e-06,5.1586113e-09,1.5174222e-06,1.09215925e-08,5.239239e-07,6.2754673e-09,5.001434e-07,5.3845497e-08,3.3010068e-07,9.311854e-08,2.524309e-07,1.6229454e-07,1.7244119e-07,2.3179976e-07,1.7111059e-07,1.2117788e-08,1.6869885e-07,1.2117788e-08
43,4.562228738396939,2.0084827252400697,1.0,1.4591956e-06,4.7008193e-09,8.2550355e-07,7.410259e-09,2.570675e-07,5.7405405e-09,2.5419598e-07,1.2399147e-08,2.5044017e-07,8.215656e-08,2.2146833e-07,5.004641e-08,2.1717588e-07,1.0122603e-08,2.1482789e-07,8.5888495e-08,2.0399341e-07,1.4190443e-08,1.1847907e-07,9.3417505e-08
44,4.03293205301747,5.4966947640953805,1.0,1.2246527e-06,3.9275037e-09,7.001936e-07,9.7801745e-08,6.865993e-07,1.5528936e-07,5.868783e-07,4.8654943e-08,3.9741292e-07,1.5590085e-07,3.9023118e-07,7.1226296e-08,3.208823e-07,1.6571417e-07,3.1937023e-07,4.8250826e-09,2.3815642e-07,9.869463e-08,1.7305926e-07,1.3827292e-07
45,6.926103587361549,10.073165321705869,1.0,5.4608977e-06,0.0,4.4222265e-06,2.7392836e-08,1.8345031e-06,3.641656e-08,1.3726846e-06,1.3583691e-08,6.4749105e-07,2.8958183e-08,5.926016e-07,2.5193678e-09,5.256153e-07,8.938221e-08,5.2117673e-07,2.8540413e-08,2.3180475e-07,5.828163e-09,2.0799683e-07,3.780709e-08
46,10.538137551907301,6.430649303974999,1.0,1.0753517e-05,0.0,1.0998085e-06,2.4983073e-09,4.032277e-07,5.7827094e-09,3.7556126e-07,1.6887881e-07,3.707002e-07,1.3172965e-08,3.686697e-07,1.6076643e-07,2.6019725e-07,3.069155e-08,2.3249599e-07,3.097064e-09,2.314696e-07,2.5688639e-08,2.131056e-07,6.908688e-08
47,7.758772437032732,2.110325951488452,1.0,4.1015282e-06,2.9499972e-08,3.817229e-06,3.5087702e-09,7.0411295e-07,5.1759216e-08,6.7992335e-07,6.504622e-08,6.65087e-07,3.079152e-08,6.5962405e-07,7.8039754e-08,5.108669e-07,4.323404e-09,2.8206824e-07,6.770445e-08,2.5649481e-07,7.9065146e-08,2.4728968e-07,4.7565266e-08
48,-9.123096202087421,3.082291576082527,1.0,2.8902432e-06,8.027985e-08,1.2066223e-06,1.01153745e-07,9.703624e-07,1.1323162e-07,8.773342e-07,1.02605014e-07,6.4904555e-07,0.0,5.254319e-07,1.034125e-07,4.934609e-07,1.0196982e-07,4.291375e-07,8.159989e-08,3.9567186e-07,1.1398144e-07,2.2186234e-07,2.0791695e-08
49,-2.9210512357531346,-1.5884326998418299,1.0,3.6083509e-06,7.68842e-08,1.3011384e-06,0.0,1.2301031e-06,1.11947365e-07,9.9904e-07,7.805761e-08,5.292499e-07,7.82031e-08,5.2052764e-07,1.05828626e-07,3.3454435e-07,1.4104695e-07,3.2958502e-07,5.5311844e-09,2.8042282e-07,1.6410887e-07,2.036658e-07,6.2470775e-08
